player_name,animation_url
Anderson Rodriguez,https://scarlet-electric-boar-374.mypinata.cloud/ipfs/QmQXwASeT5wsw78ra1wff2Y8AficdA1G4FpcaicLuGVkqM/Anderson-Rodriguez.mp4
Alesandro Cárdenas,https://scarlet-electric-boar-374.mypinata.cloud/ipfs/QmQXwASeT5wsw78ra1wff2Y8AficdA1G4FpcaicLuGVkqM/Alesandro-Ca%CC%81rdenas.mp4
Andrew Gilmore,https://scarlet-electric-boar-374.mypinata.cloud/ipfs/QmQXwASeT5wsw78ra1wff2Y8AficdA1G4FpcaicLuGVkqM/Andrew-Gilmore.mp4
Anthony Bonilla,https://scarlet-electric-boar-374.mypinata.cloud/ipfs/QmQXwASeT5wsw78ra1wff2Y8AficdA1G4FpcaicLuGVkqM/Anthony-Bonilla.mp4
Christian Hoey,https://scarlet-electric-boar-374.mypinata.cloud/ipfs/QmQXwASeT5wsw78ra1wff2Y8AficdA1G4FpcaicLuGVkqM/Christian-Hoey.mp4
Christian Rodriguez,https://scarlet-electric-boar-374.mypinata.cloud/ipfs/QmQXwASeT5wsw78ra1wff2Y8AficdA1G4FpcaicLuGVkqM/Christian-Rodriguez.mp4
Colin Bobrek,https://scarlet-electric-boar-374.mypinata.cloud/ipfs/QmQXwASeT5wsw78ra1wff2Y8AficdA1G4FpcaicLuGVkqM/Colin-Bobrek.mp4
Connor Waters,https://scarlet-electric-boar-374.mypinata.cloud/ipfs/QmQXwASeT5wsw78ra1wff2Y8AficdA1G4FpcaicLuGVkqM/Connor-Waters.mp4
Danny Orova,https://scarlet-electric-boar-374.mypinata.cloud/ipfs/QmQXwASeT5wsw78ra1wff2Y8AficdA1G4FpcaicLuGVkqM/Danny-Orova.mp4
David Calderon,https://scarlet-electric-boar-374.mypinata.cloud/ipfs/QmQXwASeT5wsw78ra1wff2Y8AficdA1G4FpcaicLuGVkqM/David-Calderon.mp4
Edgar Castillo,https://scarlet-electric-boar-374.mypinata.cloud/ipfs/QmQXwASeT5wsw78ra1wff2Y8AficdA1G4FpcaicLuGVkqM/Edgar-Castillo.mp4
Hunter Ormsbee,https://scarlet-electric-boar-374.mypinata.cloud/ipfs/QmQXwASeT5wsw78ra1wff2Y8AficdA1G4FpcaicLuGVkqM/Hunter-Ormsbee.mp4
Jose Hernandez,https://scarlet-electric-boar-374.mypinata.cloud/ipfs/QmQXwASeT5wsw78ra1wff2Y8AficdA1G4FpcaicLuGVkqM/Jose-Hernandez.mp4
Joseph Valdez,https://scarlet-electric-boar-374.mypinata.cloud/ipfs/QmQXwASeT5wsw78ra1wff2Y8AficdA1G4FpcaicLuGVkqM/Joseph-Valdez.mp4
Jude Ibrahim,https://scarlet-electric-boar-374.mypinata.cloud/ipfs/QmQXwASeT5wsw78ra1wff2Y8AficdA1G4FpcaicLuGVkqM/Jude-Ibrahim.mp4
Luke Lavelle,https://scarlet-electric-boar-374.mypinata.cloud/ipfs/QmQXwASeT5wsw78ra1wff2Y8AficdA1G4FpcaicLuGVkqM/Luke-Lavelle.mp4
Luke Lohkamp,https://scarlet-electric-boar-374.mypinata.cloud/ipfs/QmQXwASeT5wsw78ra1wff2Y8AficdA1G4FpcaicLuGVkqM/Luke-Lohkamp.mp4
Luke Myers,https://scarlet-electric-boar-374.mypinata.cloud/ipfs/QmQXwASeT5wsw78ra1wff2Y8AficdA1G4FpcaicLuGVkqM/Luke-Myers.mp4
Nacho Aliaga,https://scarlet-electric-boar-374.mypinata.cloud/ipfs/QmQXwASeT5wsw78ra1wff2Y8AficdA1G4FpcaicLuGVkqM/Nacho-Aliaga.mp4
Nicholas Tulio,https://scarlet-electric-boar-374.mypinata.cloud/ipfs/QmQXwASeT5wsw78ra1wff2Y8AficdA1G4FpcaicLuGVkqM/Nicholas-Tulio.mp4
Nickollas Nascimento,https://scarlet-electric-boar-374.mypinata.cloud/ipfs/QmQXwASeT5wsw78ra1wff2Y8AficdA1G4FpcaicLuGVkqM/Nickollas-Nascimento.mp4
Petter Keffer,https://scarlet-electric-boar-374.mypinata.cloud/ipfs/QmQXwASeT5wsw78ra1wff2Y8AficdA1G4FpcaicLuGVkqM/Petter-Keffer.mp4
Ryan Lauria,https://scarlet-electric-boar-374.mypinata.cloud/ipfs/QmQXwASeT5wsw78ra1wff2Y8AficdA1G4FpcaicLuGVkqM/Ryan-Lauria.mp4
Salvador Carrillo,https://scarlet-electric-boar-374.mypinata.cloud/ipfs/QmQXwASeT5wsw78ra1wff2Y8AficdA1G4FpcaicLuGVkqM/Salvador-Carrillo.mp4
Stebi Vidal,https://scarlet-electric-boar-374.mypinata.cloud/ipfs/QmQXwASeT5wsw78ra1wff2Y8AficdA1G4FpcaicLuGVkqM/Stebi-Vidal.mp4